mobile_number,name,blood_group,emergency_contact_name,emergency_contact_number
6767676767,wdbjhw,A,JSBJ,2323232323
2424242424,fknke,A,NEJN,5656555444
4564564564,asd,AB,FEI,3453456767
mobile_number,name,blood_group,emergency_contact_name,emergency_contact_number
6767676767,wdbjhw,A,JSBJ,2323232323
2424242424,fknke,A,NEJN,5656555444
4564564564,asd,AB,FEI,3453456767
mobile_number,name,blood_group,emergency_contact_name,emergency_contact_number
6767676767,wdbjhw,A,JSBJ,2323232323
2424242424,fknke,A,NEJN,5656555444
4564564564,asd,AB,FEI,3453456767
mobile_number,name,blood_group,emergency_contact_name,emergency_contact_number
6767676767,wdbjhw,A,JSBJ,2323232323
2424242424,fknke,A,NEJN,5656555444
4564564564,asd,AB,FEI,3453456767
5676787890,lalit,A,ANKL,2323234545
